date,value,vard,vardd
04/01/2011,4.75,title,Cash Rate Target
05/01/2011,4.75,narrow cat.,Interest Rates
06/01/2011,4.75,broad cat.,Interest Rates and Yields - Money Market - Daily
07/01/2011,4.75,unit,Per cent
10/01/2011,4.75,prices,-
11/01/2011,4.75,source,RBA
12/01/2011,4.75,dataset,F1
13/01/2011,4.75,seriestype,Original
14/01/2011,4.75,,
17/01/2011,4.75,,
18/01/2011,4.75,,
19/01/2011,4.75,,
20/01/2011,4.75,,
21/01/2011,4.75,,
24/01/2011,4.75,,
25/01/2011,4.75,,
27/01/2011,4.75,,
28/01/2011,4.75,,
31/01/2011,4.75,,
01/02/2011,4.75,,
02/02/2011,4.75,,
03/02/2011,4.75,,
04/02/2011,4.75,,
07/02/2011,4.75,,
08/02/2011,4.75,,
09/02/2011,4.75,,
10/02/2011,4.75,,
11/02/2011,4.75,,
14/02/2011,4.75,,
15/02/2011,4.75,,
16/02/2011,4.75,,
17/02/2011,4.75,,
18/02/2011,4.75,,
21/02/2011,4.75,,
22/02/2011,4.75,,
23/02/2011,4.75,,
24/02/2011,4.75,,
25/02/2011,4.75,,
28/02/2011,4.75,,
01/03/2011,4.75,,
02/03/2011,4.75,,
03/03/2011,4.75,,
04/03/2011,4.75,,
07/03/2011,4.75,,
08/03/2011,4.75,,
09/03/2011,4.75,,
10/03/2011,4.75,,
11/03/2011,4.75,,
14/03/2011,4.75,,
15/03/2011,4.75,,
16/03/2011,4.75,,
17/03/2011,4.75,,
18/03/2011,4.75,,
21/03/2011,4.75,,
22/03/2011,4.75,,
23/03/2011,4.75,,
24/03/2011,4.75,,
25/03/2011,4.75,,
28/03/2011,4.75,,
29/03/2011,4.75,,
30/03/2011,4.75,,
31/03/2011,4.75,,
01/04/2011,4.75,,
04/04/2011,4.75,,
05/04/2011,4.75,,
06/04/2011,4.75,,
07/04/2011,4.75,,
08/04/2011,4.75,,
11/04/2011,4.75,,
12/04/2011,4.75,,
13/04/2011,4.75,,
14/04/2011,4.75,,
15/04/2011,4.75,,
18/04/2011,4.75,,
19/04/2011,4.75,,
20/04/2011,4.75,,
21/04/2011,4.75,,
27/04/2011,4.75,,
28/04/2011,4.75,,
29/04/2011,4.75,,
02/05/2011,4.75,,
03/05/2011,4.75,,
04/05/2011,4.75,,
05/05/2011,4.75,,
06/05/2011,4.75,,
09/05/2011,4.75,,
10/05/2011,4.75,,
11/05/2011,4.75,,
12/05/2011,4.75,,
13/05/2011,4.75,,
16/05/2011,4.75,,
17/05/2011,4.75,,
18/05/2011,4.75,,
19/05/2011,4.75,,
20/05/2011,4.75,,
23/05/2011,4.75,,
24/05/2011,4.75,,
25/05/2011,4.75,,
26/05/2011,4.75,,
27/05/2011,4.75,,
30/05/2011,4.75,,
31/05/2011,4.75,,
01/06/2011,4.75,,
02/06/2011,4.75,,
03/06/2011,4.75,,
06/06/2011,4.75,,
07/06/2011,4.75,,
08/06/2011,4.75,,
09/06/2011,4.75,,
10/06/2011,4.75,,
14/06/2011,4.75,,
15/06/2011,4.75,,
16/06/2011,4.75,,
17/06/2011,4.75,,
20/06/2011,4.75,,
21/06/2011,4.75,,
22/06/2011,4.75,,
23/06/2011,4.75,,
24/06/2011,4.75,,
27/06/2011,4.75,,
28/06/2011,4.75,,
29/06/2011,4.75,,
30/06/2011,4.75,,
01/07/2011,4.75,,
04/07/2011,4.75,,
05/07/2011,4.75,,
06/07/2011,4.75,,
07/07/2011,4.75,,
08/07/2011,4.75,,
11/07/2011,4.75,,
12/07/2011,4.75,,
13/07/2011,4.75,,
14/07/2011,4.75,,
15/07/2011,4.75,,
18/07/2011,4.75,,
19/07/2011,4.75,,
20/07/2011,4.75,,
21/07/2011,4.75,,
22/07/2011,4.75,,
25/07/2011,4.75,,
26/07/2011,4.75,,
27/07/2011,4.75,,
28/07/2011,4.75,,
29/07/2011,4.75,,
01/08/2011,4.75,,
02/08/2011,4.75,,
03/08/2011,4.75,,
04/08/2011,4.75,,
05/08/2011,4.75,,
08/08/2011,4.75,,
09/08/2011,4.75,,
10/08/2011,4.75,,
11/08/2011,4.75,,
12/08/2011,4.75,,
15/08/2011,4.75,,
16/08/2011,4.75,,
17/08/2011,4.75,,
18/08/2011,4.75,,
19/08/2011,4.75,,
22/08/2011,4.75,,
23/08/2011,4.75,,
24/08/2011,4.75,,
25/08/2011,4.75,,
26/08/2011,4.75,,
29/08/2011,4.75,,
30/08/2011,4.75,,
31/08/2011,4.75,,
01/09/2011,4.75,,
02/09/2011,4.75,,
05/09/2011,4.75,,
06/09/2011,4.75,,
07/09/2011,4.75,,
08/09/2011,4.75,,
09/09/2011,4.75,,
12/09/2011,4.75,,
13/09/2011,4.75,,
14/09/2011,4.75,,
15/09/2011,4.75,,
16/09/2011,4.75,,
19/09/2011,4.75,,
20/09/2011,4.75,,
21/09/2011,4.75,,
22/09/2011,4.75,,
23/09/2011,4.75,,
26/09/2011,4.75,,
27/09/2011,4.75,,
28/09/2011,4.75,,
29/09/2011,4.75,,
30/09/2011,4.75,,
03/10/2011,4.75,,
04/10/2011,4.75,,
05/10/2011,4.75,,
06/10/2011,4.75,,
07/10/2011,4.75,,
10/10/2011,4.75,,
11/10/2011,4.75,,
12/10/2011,4.75,,
13/10/2011,4.75,,
14/10/2011,4.75,,
17/10/2011,4.75,,
18/10/2011,4.75,,
19/10/2011,4.75,,
20/10/2011,4.75,,
21/10/2011,4.75,,
24/10/2011,4.75,,
25/10/2011,4.75,,
26/10/2011,4.75,,
27/10/2011,4.75,,
28/10/2011,4.75,,
31/10/2011,4.75,,
01/11/2011,4.75,,
02/11/2011,4.5,,
03/11/2011,4.5,,
04/11/2011,4.5,,
07/11/2011,4.5,,
08/11/2011,4.5,,
09/11/2011,4.5,,
10/11/2011,4.5,,
11/11/2011,4.5,,
14/11/2011,4.5,,
15/11/2011,4.5,,
16/11/2011,4.5,,
17/11/2011,4.5,,
18/11/2011,4.5,,
21/11/2011,4.5,,
22/11/2011,4.5,,
23/11/2011,4.5,,
24/11/2011,4.5,,
25/11/2011,4.5,,
28/11/2011,4.5,,
29/11/2011,4.5,,
30/11/2011,4.5,,
01/12/2011,4.5,,
02/12/2011,4.5,,
05/12/2011,4.5,,
06/12/2011,4.5,,
07/12/2011,4.25,,
08/12/2011,4.25,,
09/12/2011,4.25,,
12/12/2011,4.25,,
13/12/2011,4.25,,
14/12/2011,4.25,,
15/12/2011,4.25,,
16/12/2011,4.25,,
19/12/2011,4.25,,
20/12/2011,4.25,,
21/12/2011,4.25,,
22/12/2011,4.25,,
23/12/2011,4.25,,
28/12/2011,4.25,,
29/12/2011,4.25,,
30/12/2011,4.25,,
03/01/2012,4.25,,
04/01/2012,4.25,,
05/01/2012,4.25,,
06/01/2012,4.25,,
09/01/2012,4.25,,
10/01/2012,4.25,,
11/01/2012,4.25,,
12/01/2012,4.25,,
13/01/2012,4.25,,
16/01/2012,4.25,,
17/01/2012,4.25,,
18/01/2012,4.25,,
19/01/2012,4.25,,
20/01/2012,4.25,,
23/01/2012,4.25,,
24/01/2012,4.25,,
25/01/2012,4.25,,
27/01/2012,4.25,,
30/01/2012,4.25,,
31/01/2012,4.25,,
01/02/2012,4.25,,
02/02/2012,4.25,,
03/02/2012,4.25,,
06/02/2012,4.25,,
07/02/2012,4.25,,
08/02/2012,4.25,,
09/02/2012,4.25,,
10/02/2012,4.25,,
13/02/2012,4.25,,
14/02/2012,4.25,,
15/02/2012,4.25,,
16/02/2012,4.25,,
17/02/2012,4.25,,
20/02/2012,4.25,,
21/02/2012,4.25,,
22/02/2012,4.25,,
23/02/2012,4.25,,
24/02/2012,4.25,,
27/02/2012,4.25,,
28/02/2012,4.25,,
29/02/2012,4.25,,
01/03/2012,4.25,,
02/03/2012,4.25,,
05/03/2012,4.25,,
06/03/2012,4.25,,
07/03/2012,4.25,,
08/03/2012,4.25,,
09/03/2012,4.25,,
12/03/2012,4.25,,
13/03/2012,4.25,,
14/03/2012,4.25,,
15/03/2012,4.25,,
16/03/2012,4.25,,
19/03/2012,4.25,,
20/03/2012,4.25,,
21/03/2012,4.25,,
22/03/2012,4.25,,
23/03/2012,4.25,,
26/03/2012,4.25,,
27/03/2012,4.25,,
28/03/2012,4.25,,
29/03/2012,4.25,,
30/03/2012,4.25,,
02/04/2012,4.25,,
03/04/2012,4.25,,
04/04/2012,4.25,,
05/04/2012,4.25,,
10/04/2012,4.25,,
11/04/2012,4.25,,
12/04/2012,4.25,,
13/04/2012,4.25,,
16/04/2012,4.25,,
17/04/2012,4.25,,
18/04/2012,4.25,,
19/04/2012,4.25,,
20/04/2012,4.25,,
23/04/2012,4.25,,
24/04/2012,4.25,,
26/04/2012,4.25,,
27/04/2012,4.25,,
30/04/2012,4.25,,
01/05/2012,4.25,,
02/05/2012,3.75,,
03/05/2012,3.75,,
04/05/2012,3.75,,
07/05/2012,3.75,,
08/05/2012,3.75,,
09/05/2012,3.75,,
10/05/2012,3.75,,
11/05/2012,3.75,,
14/05/2012,3.75,,
15/05/2012,3.75,,
16/05/2012,3.75,,
17/05/2012,3.75,,
18/05/2012,3.75,,
21/05/2012,3.75,,
22/05/2012,3.75,,
23/05/2012,3.75,,
24/05/2012,3.75,,
25/05/2012,3.75,,
28/05/2012,3.75,,
29/05/2012,3.75,,
30/05/2012,3.75,,
31/05/2012,3.75,,
01/06/2012,3.75,,
04/06/2012,3.75,,
05/06/2012,3.75,,
06/06/2012,3.5,,
07/06/2012,3.5,,
08/06/2012,3.5,,
12/06/2012,3.5,,
13/06/2012,3.5,,
14/06/2012,3.5,,
15/06/2012,3.5,,
18/06/2012,3.5,,
19/06/2012,3.5,,
20/06/2012,3.5,,
21/06/2012,3.5,,
22/06/2012,3.5,,
25/06/2012,3.5,,
26/06/2012,3.5,,
27/06/2012,3.5,,
28/06/2012,3.5,,
29/06/2012,3.5,,
02/07/2012,3.5,,
03/07/2012,3.5,,
04/07/2012,3.5,,
05/07/2012,3.5,,
06/07/2012,3.5,,
09/07/2012,3.5,,
10/07/2012,3.5,,
11/07/2012,3.5,,
12/07/2012,3.5,,
13/07/2012,3.5,,
16/07/2012,3.5,,
17/07/2012,3.5,,
18/07/2012,3.5,,
19/07/2012,3.5,,
20/07/2012,3.5,,
23/07/2012,3.5,,
24/07/2012,3.5,,
25/07/2012,3.5,,
26/07/2012,3.5,,
27/07/2012,3.5,,
30/07/2012,3.5,,
31/07/2012,3.5,,
01/08/2012,3.5,,
02/08/2012,3.5,,
03/08/2012,3.5,,
06/08/2012,3.5,,
07/08/2012,3.5,,
08/08/2012,3.5,,
09/08/2012,3.5,,
10/08/2012,3.5,,
13/08/2012,3.5,,
14/08/2012,3.5,,
15/08/2012,3.5,,
16/08/2012,3.5,,
17/08/2012,3.5,,
20/08/2012,3.5,,
21/08/2012,3.5,,
22/08/2012,3.5,,
23/08/2012,3.5,,
24/08/2012,3.5,,
27/08/2012,3.5,,
28/08/2012,3.5,,
29/08/2012,3.5,,
30/08/2012,3.5,,
31/08/2012,3.5,,
03/09/2012,3.5,,
04/09/2012,3.5,,
05/09/2012,3.5,,
06/09/2012,3.5,,
07/09/2012,3.5,,
10/09/2012,3.5,,
11/09/2012,3.5,,
12/09/2012,3.5,,
13/09/2012,3.5,,
14/09/2012,3.5,,
17/09/2012,3.5,,
18/09/2012,3.5,,
19/09/2012,3.5,,
20/09/2012,3.5,,
21/09/2012,3.5,,
24/09/2012,3.5,,
25/09/2012,3.5,,
26/09/2012,3.5,,
27/09/2012,3.5,,
28/09/2012,3.5,,
01/10/2012,3.5,,
02/10/2012,3.5,,
03/10/2012,3.25,,
04/10/2012,3.25,,
05/10/2012,3.25,,
08/10/2012,3.25,,
09/10/2012,3.25,,
10/10/2012,3.25,,
11/10/2012,3.25,,
12/10/2012,3.25,,
15/10/2012,3.25,,
16/10/2012,3.25,,
17/10/2012,3.25,,
18/10/2012,3.25,,
19/10/2012,3.25,,
22/10/2012,3.25,,
23/10/2012,3.25,,
24/10/2012,3.25,,
25/10/2012,3.25,,
26/10/2012,3.25,,
29/10/2012,3.25,,
30/10/2012,3.25,,
31/10/2012,3.25,,
01/11/2012,3.25,,
02/11/2012,3.25,,
05/11/2012,3.25,,
06/11/2012,3.25,,
07/11/2012,3.25,,
08/11/2012,3.25,,
09/11/2012,3.25,,
12/11/2012,3.25,,
13/11/2012,3.25,,
14/11/2012,3.25,,
15/11/2012,3.25,,
16/11/2012,3.25,,
19/11/2012,3.25,,
20/11/2012,3.25,,
21/11/2012,3.25,,
22/11/2012,3.25,,
23/11/2012,3.25,,
26/11/2012,3.25,,
27/11/2012,3.25,,
28/11/2012,3.25,,
29/11/2012,3.25,,
30/11/2012,3.25,,
03/12/2012,3.25,,
04/12/2012,3.25,,
05/12/2012,3,,
06/12/2012,3,,
07/12/2012,3,,
10/12/2012,3,,
11/12/2012,3,,
12/12/2012,3,,
13/12/2012,3,,
14/12/2012,3,,
17/12/2012,3,,
18/12/2012,3,,
19/12/2012,3,,
20/12/2012,3,,
21/12/2012,3,,
24/12/2012,3,,
27/12/2012,3,,
28/12/2012,3,,
31/12/2012,3,,
02/01/2013,3,,
03/01/2013,3,,
04/01/2013,3,,
07/01/2013,3,,
08/01/2013,3,,
09/01/2013,3,,
10/01/2013,3,,
11/01/2013,3,,
14/01/2013,3,,
15/01/2013,3,,
16/01/2013,3,,
17/01/2013,3,,
18/01/2013,3,,
21/01/2013,3,,
22/01/2013,3,,
23/01/2013,3,,
24/01/2013,3,,
25/01/2013,3,,
29/01/2013,3,,
30/01/2013,3,,
31/01/2013,3,,
01/02/2013,3,,
04/02/2013,3,,
05/02/2013,3,,
06/02/2013,3,,
07/02/2013,3,,
08/02/2013,3,,
11/02/2013,3,,
12/02/2013,3,,
13/02/2013,3,,
14/02/2013,3,,
15/02/2013,3,,
18/02/2013,3,,
19/02/2013,3,,
20/02/2013,3,,
21/02/2013,3,,
22/02/2013,3,,
25/02/2013,3,,
26/02/2013,3,,
27/02/2013,3,,
28/02/2013,3,,
01/03/2013,3,,
04/03/2013,3,,
05/03/2013,3,,
06/03/2013,3,,
07/03/2013,3,,
08/03/2013,3,,
11/03/2013,3,,
12/03/2013,3,,
13/03/2013,3,,
14/03/2013,3,,
15/03/2013,3,,
18/03/2013,3,,
19/03/2013,3,,
20/03/2013,3,,
21/03/2013,3,,
22/03/2013,3,,
25/03/2013,3,,
26/03/2013,3,,
27/03/2013,3,,
28/03/2013,3,,
02/04/2013,3,,
03/04/2013,3,,
04/04/2013,3,,
05/04/2013,3,,
08/04/2013,3,,
09/04/2013,3,,
10/04/2013,3,,
11/04/2013,3,,
12/04/2013,3,,
15/04/2013,3,,
16/04/2013,3,,
17/04/2013,3,,
18/04/2013,3,,
19/04/2013,3,,
22/04/2013,3,,
23/04/2013,3,,
24/04/2013,3,,
26/04/2013,3,,
29/04/2013,3,,
30/04/2013,3,,
01/05/2013,3,,
02/05/2013,3,,
03/05/2013,3,,
06/05/2013,3,,
07/05/2013,3,,
08/05/2013,2.75,,
09/05/2013,2.75,,
10/05/2013,2.75,,
13/05/2013,2.75,,
14/05/2013,2.75,,
15/05/2013,2.75,,
16/05/2013,2.75,,
17/05/2013,2.75,,
20/05/2013,2.75,,
21/05/2013,2.75,,
22/05/2013,2.75,,
23/05/2013,2.75,,
24/05/2013,2.75,,
27/05/2013,2.75,,
28/05/2013,2.75,,
29/05/2013,2.75,,
30/05/2013,2.75,,
31/05/2013,2.75,,
03/06/2013,2.75,,
04/06/2013,2.75,,
05/06/2013,2.75,,
06/06/2013,2.75,,
07/06/2013,2.75,,
11/06/2013,2.75,,
12/06/2013,2.75,,
13/06/2013,2.75,,
14/06/2013,2.75,,
17/06/2013,2.75,,
18/06/2013,2.75,,
19/06/2013,2.75,,
20/06/2013,2.75,,
21/06/2013,2.75,,
24/06/2013,2.75,,
25/06/2013,2.75,,
26/06/2013,2.75,,
27/06/2013,2.75,,
28/06/2013,2.75,,
01/07/2013,2.75,,
02/07/2013,2.75,,
03/07/2013,2.75,,
04/07/2013,2.75,,
05/07/2013,2.75,,
08/07/2013,2.75,,
09/07/2013,2.75,,
10/07/2013,2.75,,
11/07/2013,2.75,,
12/07/2013,2.75,,
15/07/2013,2.75,,
16/07/2013,2.75,,
17/07/2013,2.75,,
18/07/2013,2.75,,
19/07/2013,2.75,,
22/07/2013,2.75,,
23/07/2013,2.75,,
24/07/2013,2.75,,
25/07/2013,2.75,,
26/07/2013,2.75,,
29/07/2013,2.75,,
30/07/2013,2.75,,
31/07/2013,2.75,,
01/08/2013,2.75,,
02/08/2013,2.75,,
05/08/2013,2.75,,
06/08/2013,2.75,,
07/08/2013,2.5,,
08/08/2013,2.5,,
09/08/2013,2.5,,
12/08/2013,2.5,,
13/08/2013,2.5,,
14/08/2013,2.5,,
15/08/2013,2.5,,
16/08/2013,2.5,,
19/08/2013,2.5,,
20/08/2013,2.5,,
21/08/2013,2.5,,
22/08/2013,2.5,,
23/08/2013,2.5,,
26/08/2013,2.5,,
27/08/2013,2.5,,
28/08/2013,2.5,,
29/08/2013,2.5,,
30/08/2013,2.5,,
02/09/2013,2.5,,
03/09/2013,2.5,,
04/09/2013,2.5,,
05/09/2013,2.5,,
06/09/2013,2.5,,
09/09/2013,2.5,,
10/09/2013,2.5,,
11/09/2013,2.5,,
12/09/2013,2.5,,
13/09/2013,2.5,,
16/09/2013,2.5,,
17/09/2013,2.5,,
18/09/2013,2.5,,
19/09/2013,2.5,,
20/09/2013,2.5,,
23/09/2013,2.5,,
24/09/2013,2.5,,
25/09/2013,2.5,,
26/09/2013,2.5,,
27/09/2013,2.5,,
30/09/2013,2.5,,
01/10/2013,2.5,,
02/10/2013,2.5,,
03/10/2013,2.5,,
04/10/2013,2.5,,
07/10/2013,2.5,,
08/10/2013,2.5,,
09/10/2013,2.5,,
10/10/2013,2.5,,
11/10/2013,2.5,,
14/10/2013,2.5,,
15/10/2013,2.5,,
16/10/2013,2.5,,
17/10/2013,2.5,,
18/10/2013,2.5,,
21/10/2013,2.5,,
22/10/2013,2.5,,
23/10/2013,2.5,,
24/10/2013,2.5,,
25/10/2013,2.5,,
28/10/2013,2.5,,
29/10/2013,2.5,,
30/10/2013,2.5,,
31/10/2013,2.5,,
01/11/2013,2.5,,
04/11/2013,2.5,,
05/11/2013,2.5,,
06/11/2013,2.5,,
07/11/2013,2.5,,
08/11/2013,2.5,,
11/11/2013,2.5,,
12/11/2013,2.5,,
13/11/2013,2.5,,
14/11/2013,2.5,,
15/11/2013,2.5,,
18/11/2013,2.5,,
19/11/2013,2.5,,
20/11/2013,2.5,,
21/11/2013,2.5,,
22/11/2013,2.5,,
25/11/2013,2.5,,
26/11/2013,2.5,,
27/11/2013,2.5,,
28/11/2013,2.5,,
29/11/2013,2.5,,
02/12/2013,2.5,,
03/12/2013,2.5,,
04/12/2013,2.5,,
05/12/2013,2.5,,
06/12/2013,2.5,,
09/12/2013,2.5,,
10/12/2013,2.5,,
11/12/2013,2.5,,
12/12/2013,2.5,,
13/12/2013,2.5,,
16/12/2013,2.5,,
17/12/2013,2.5,,
18/12/2013,2.5,,
19/12/2013,2.5,,
20/12/2013,2.5,,
23/12/2013,2.5,,
24/12/2013,2.5,,
27/12/2013,2.5,,
30/12/2013,2.5,,
31/12/2013,2.5,,
02/01/2014,2.5,,
03/01/2014,2.5,,
06/01/2014,2.5,,
07/01/2014,2.5,,
08/01/2014,2.5,,
09/01/2014,2.5,,
10/01/2014,2.5,,
13/01/2014,2.5,,
14/01/2014,2.5,,
15/01/2014,2.5,,
16/01/2014,2.5,,
17/01/2014,2.5,,
20/01/2014,2.5,,
21/01/2014,2.5,,
22/01/2014,2.5,,
23/01/2014,2.5,,
24/01/2014,2.5,,
28/01/2014,2.5,,
29/01/2014,2.5,,
30/01/2014,2.5,,
31/01/2014,2.5,,
03/02/2014,2.5,,
04/02/2014,2.5,,
05/02/2014,2.5,,
06/02/2014,2.5,,
07/02/2014,2.5,,
10/02/2014,2.5,,
11/02/2014,2.5,,
12/02/2014,2.5,,
13/02/2014,2.5,,
14/02/2014,2.5,,
17/02/2014,2.5,,
18/02/2014,2.5,,
19/02/2014,2.5,,
20/02/2014,2.5,,
21/02/2014,2.5,,
24/02/2014,2.5,,
25/02/2014,2.5,,
26/02/2014,2.5,,
27/02/2014,2.5,,
28/02/2014,2.5,,
03/03/2014,2.5,,
04/03/2014,2.5,,
05/03/2014,2.5,,
06/03/2014,2.5,,
07/03/2014,2.5,,
10/03/2014,2.5,,
11/03/2014,2.5,,
12/03/2014,2.5,,
13/03/2014,2.5,,
14/03/2014,2.5,,
17/03/2014,2.5,,
18/03/2014,2.5,,
19/03/2014,2.5,,
20/03/2014,2.5,,
21/03/2014,2.5,,
24/03/2014,2.5,,
25/03/2014,2.5,,
26/03/2014,2.5,,
27/03/2014,2.5,,
28/03/2014,2.5,,
31/03/2014,2.5,,
01/04/2014,2.5,,
02/04/2014,2.5,,
03/04/2014,2.5,,
04/04/2014,2.5,,
07/04/2014,2.5,,
08/04/2014,2.5,,
09/04/2014,2.5,,
10/04/2014,2.5,,
11/04/2014,2.5,,
14/04/2014,2.5,,
15/04/2014,2.5,,
16/04/2014,2.5,,
17/04/2014,2.5,,
22/04/2014,2.5,,
23/04/2014,2.5,,
24/04/2014,2.5,,
28/04/2014,2.5,,
29/04/2014,2.5,,
30/04/2014,2.5,,
01/05/2014,2.5,,
02/05/2014,2.5,,
05/05/2014,2.5,,
06/05/2014,2.5,,
07/05/2014,2.5,,
08/05/2014,2.5,,
09/05/2014,2.5,,
12/05/2014,2.5,,
13/05/2014,2.5,,
14/05/2014,2.5,,
15/05/2014,2.5,,
16/05/2014,2.5,,
19/05/2014,2.5,,
20/05/2014,2.5,,
21/05/2014,2.5,,
22/05/2014,2.5,,
23/05/2014,2.5,,
26/05/2014,2.5,,
27/05/2014,2.5,,
28/05/2014,2.5,,
29/05/2014,2.5,,
30/05/2014,2.5,,
02/06/2014,2.5,,
03/06/2014,2.5,,
04/06/2014,2.5,,
05/06/2014,2.5,,
06/06/2014,2.5,,
10/06/2014,2.5,,
11/06/2014,2.5,,
12/06/2014,2.5,,
13/06/2014,2.5,,
16/06/2014,2.5,,
17/06/2014,2.5,,
18/06/2014,2.5,,
19/06/2014,2.5,,
20/06/2014,2.5,,
23/06/2014,2.5,,
24/06/2014,2.5,,
25/06/2014,2.5,,
26/06/2014,2.5,,
27/06/2014,2.5,,
30/06/2014,2.5,,
01/07/2014,2.5,,
02/07/2014,2.5,,
03/07/2014,2.5,,
04/07/2014,2.5,,
07/07/2014,2.5,,
08/07/2014,2.5,,
09/07/2014,2.5,,
10/07/2014,2.5,,
11/07/2014,2.5,,
14/07/2014,2.5,,
15/07/2014,2.5,,
16/07/2014,2.5,,
17/07/2014,2.5,,
18/07/2014,2.5,,
21/07/2014,2.5,,
22/07/2014,2.5,,
23/07/2014,2.5,,
24/07/2014,2.5,,
25/07/2014,2.5,,
28/07/2014,2.5,,
29/07/2014,2.5,,
30/07/2014,2.5,,
31/07/2014,2.5,,
01/08/2014,2.5,,
04/08/2014,2.5,,
05/08/2014,2.5,,
06/08/2014,2.5,,
07/08/2014,2.5,,
08/08/2014,2.5,,
11/08/2014,2.5,,
12/08/2014,2.5,,
13/08/2014,2.5,,
14/08/2014,2.5,,
15/08/2014,2.5,,
18/08/2014,2.5,,
19/08/2014,2.5,,
20/08/2014,2.5,,
21/08/2014,2.5,,
22/08/2014,2.5,,
25/08/2014,2.5,,
26/08/2014,2.5,,
27/08/2014,2.5,,
28/08/2014,2.5,,
29/08/2014,2.5,,
01/09/2014,2.5,,
02/09/2014,2.5,,
03/09/2014,2.5,,
04/09/2014,2.5,,
05/09/2014,2.5,,
08/09/2014,2.5,,
09/09/2014,2.5,,
10/09/2014,2.5,,
11/09/2014,2.5,,
12/09/2014,2.5,,
15/09/2014,2.5,,
16/09/2014,2.5,,
17/09/2014,2.5,,
18/09/2014,2.5,,
19/09/2014,2.5,,
22/09/2014,2.5,,
23/09/2014,2.5,,
24/09/2014,2.5,,
25/09/2014,2.5,,
26/09/2014,2.5,,
29/09/2014,2.5,,
30/09/2014,2.5,,
01/10/2014,2.5,,
02/10/2014,2.5,,
03/10/2014,2.5,,
06/10/2014,2.5,,
07/10/2014,2.5,,
08/10/2014,2.5,,
09/10/2014,2.5,,
10/10/2014,2.5,,
13/10/2014,2.5,,
14/10/2014,2.5,,
15/10/2014,2.5,,
16/10/2014,2.5,,
17/10/2014,2.5,,
20/10/2014,2.5,,
21/10/2014,2.5,,
22/10/2014,2.5,,
23/10/2014,2.5,,
24/10/2014,2.5,,
27/10/2014,2.5,,
28/10/2014,2.5,,
29/10/2014,2.5,,
30/10/2014,2.5,,
31/10/2014,2.5,,
03/11/2014,2.5,,
04/11/2014,2.5,,
05/11/2014,2.5,,
06/11/2014,2.5,,
07/11/2014,2.5,,
10/11/2014,2.5,,
11/11/2014,2.5,,
12/11/2014,2.5,,
13/11/2014,2.5,,
14/11/2014,2.5,,
17/11/2014,2.5,,
18/11/2014,2.5,,
19/11/2014,2.5,,
20/11/2014,2.5,,
21/11/2014,2.5,,
24/11/2014,2.5,,
25/11/2014,2.5,,
26/11/2014,2.5,,
27/11/2014,2.5,,
28/11/2014,2.5,,
01/12/2014,2.5,,
02/12/2014,2.5,,
03/12/2014,2.5,,
04/12/2014,2.5,,
05/12/2014,2.5,,
08/12/2014,2.5,,
09/12/2014,2.5,,
10/12/2014,2.5,,
11/12/2014,2.5,,
12/12/2014,2.5,,
15/12/2014,2.5,,
16/12/2014,2.5,,
17/12/2014,2.5,,
18/12/2014,2.5,,
19/12/2014,2.5,,
22/12/2014,2.5,,
23/12/2014,2.5,,
24/12/2014,2.5,,
29/12/2014,2.5,,
30/12/2014,2.5,,
31/12/2014,2.5,,
02/01/2015,2.5,,
05/01/2015,2.5,,
06/01/2015,2.5,,
07/01/2015,2.5,,
08/01/2015,2.5,,
09/01/2015,2.5,,
12/01/2015,2.5,,
13/01/2015,2.5,,
14/01/2015,2.5,,
15/01/2015,2.5,,
16/01/2015,2.5,,
19/01/2015,2.5,,
20/01/2015,2.5,,
21/01/2015,2.5,,
22/01/2015,2.5,,
23/01/2015,2.5,,
27/01/2015,2.5,,
28/01/2015,2.5,,
29/01/2015,2.5,,
30/01/2015,2.5,,
02/02/2015,2.5,,
03/02/2015,2.5,,
04/02/2015,2.25,,
05/02/2015,2.25,,
06/02/2015,2.25,,
09/02/2015,2.25,,
10/02/2015,2.25,,
11/02/2015,2.25,,
12/02/2015,2.25,,
13/02/2015,2.25,,
16/02/2015,2.25,,
17/02/2015,2.25,,
18/02/2015,2.25,,
19/02/2015,2.25,,
20/02/2015,2.25,,
23/02/2015,2.25,,
24/02/2015,2.25,,
25/02/2015,2.25,,
26/02/2015,2.25,,
27/02/2015,2.25,,
02/03/2015,2.25,,
03/03/2015,2.25,,
04/03/2015,2.25,,
05/03/2015,2.25,,
06/03/2015,2.25,,
09/03/2015,2.25,,
10/03/2015,2.25,,
11/03/2015,2.25,,
12/03/2015,2.25,,
13/03/2015,2.25,,
16/03/2015,2.25,,
17/03/2015,2.25,,
18/03/2015,2.25,,
19/03/2015,2.25,,
20/03/2015,2.25,,
23/03/2015,2.25,,
24/03/2015,2.25,,
25/03/2015,2.25,,
26/03/2015,2.25,,
27/03/2015,2.25,,
30/03/2015,2.25,,
31/03/2015,2.25,,
01/04/2015,2.25,,
02/04/2015,2.25,,
07/04/2015,2.25,,
08/04/2015,2.25,,
09/04/2015,2.25,,
10/04/2015,2.25,,
13/04/2015,2.25,,
14/04/2015,2.25,,
15/04/2015,2.25,,
16/04/2015,2.25,,
17/04/2015,2.25,,
20/04/2015,2.25,,
21/04/2015,2.25,,
22/04/2015,2.25,,
23/04/2015,2.25,,
24/04/2015,2.25,,
27/04/2015,2.25,,
28/04/2015,2.25,,
29/04/2015,2.25,,
30/04/2015,2.25,,
01/05/2015,2.25,,
04/05/2015,2.25,,
05/05/2015,2.25,,
06/05/2015,2,,
07/05/2015,2,,
08/05/2015,2,,
11/05/2015,2,,
12/05/2015,2,,
13/05/2015,2,,
14/05/2015,2,,
15/05/2015,2,,
18/05/2015,2,,
19/05/2015,2,,
20/05/2015,2,,
21/05/2015,2,,
22/05/2015,2,,
25/05/2015,2,,
26/05/2015,2,,
27/05/2015,2,,
28/05/2015,2,,
29/05/2015,2,,
01/06/2015,2,,
02/06/2015,2,,
03/06/2015,2,,
04/06/2015,2,,
05/06/2015,2,,
09/06/2015,2,,
10/06/2015,2,,
11/06/2015,2,,
12/06/2015,2,,
15/06/2015,2,,
16/06/2015,2,,
17/06/2015,2,,
18/06/2015,2,,
19/06/2015,2,,
22/06/2015,2,,
23/06/2015,2,,
24/06/2015,2,,
25/06/2015,2,,
26/06/2015,2,,
29/06/2015,2,,
30/06/2015,2,,
01/07/2015,2,,
02/07/2015,2,,
03/07/2015,2,,
06/07/2015,2,,
07/07/2015,2,,
08/07/2015,2,,
09/07/2015,2,,
10/07/2015,2,,
13/07/2015,2,,
14/07/2015,2,,
15/07/2015,2,,
16/07/2015,2,,
17/07/2015,2,,
20/07/2015,2,,
21/07/2015,2,,
22/07/2015,2,,
23/07/2015,2,,
24/07/2015,2,,
27/07/2015,2,,
28/07/2015,2,,
29/07/2015,2,,
30/07/2015,2,,
31/07/2015,2,,
03/08/2015,2,,
04/08/2015,2,,
05/08/2015,2,,
06/08/2015,2,,
07/08/2015,2,,
10/08/2015,2,,
11/08/2015,2,,
12/08/2015,2,,
13/08/2015,2,,
14/08/2015,2,,
17/08/2015,2,,
18/08/2015,2,,
19/08/2015,2,,
20/08/2015,2,,
21/08/2015,2,,
24/08/2015,2,,
25/08/2015,2,,
26/08/2015,2,,
27/08/2015,2,,
28/08/2015,2,,
31/08/2015,2,,
01/09/2015,2,,
02/09/2015,2,,
03/09/2015,2,,
04/09/2015,2,,
07/09/2015,2,,
08/09/2015,2,,
09/09/2015,2,,
10/09/2015,2,,
11/09/2015,2,,
14/09/2015,2,,
15/09/2015,2,,
16/09/2015,2,,
17/09/2015,2,,
18/09/2015,2,,
21/09/2015,2,,
22/09/2015,2,,
23/09/2015,2,,
24/09/2015,2,,
25/09/2015,2,,
28/09/2015,2,,
29/09/2015,2,,
30/09/2015,2,,
01/10/2015,2,,
02/10/2015,2,,
05/10/2015,2,,
06/10/2015,2,,
07/10/2015,2,,
08/10/2015,2,,
09/10/2015,2,,
12/10/2015,2,,
13/10/2015,2,,
14/10/2015,2,,
15/10/2015,2,,
16/10/2015,2,,
19/10/2015,2,,
20/10/2015,2,,
21/10/2015,2,,
22/10/2015,2,,
23/10/2015,2,,
26/10/2015,2,,
27/10/2015,2,,
28/10/2015,2,,
29/10/2015,2,,
30/10/2015,2,,
02/11/2015,2,,
03/11/2015,2,,
04/11/2015,2,,
05/11/2015,2,,
06/11/2015,2,,
09/11/2015,2,,
10/11/2015,2,,
11/11/2015,2,,
12/11/2015,2,,
13/11/2015,2,,
16/11/2015,2,,
17/11/2015,2,,
18/11/2015,2,,
19/11/2015,2,,
20/11/2015,2,,
23/11/2015,2,,
24/11/2015,2,,
25/11/2015,2,,
26/11/2015,2,,
27/11/2015,2,,
30/11/2015,2,,
01/12/2015,2,,
02/12/2015,2,,
03/12/2015,2,,
04/12/2015,2,,
07/12/2015,2,,
08/12/2015,2,,
09/12/2015,2,,
10/12/2015,2,,
11/12/2015,2,,
14/12/2015,2,,
15/12/2015,2,,
16/12/2015,2,,
17/12/2015,2,,
18/12/2015,2,,
21/12/2015,2,,
22/12/2015,2,,
23/12/2015,2,,
24/12/2015,2,,
29/12/2015,2,,
30/12/2015,2,,
31/12/2015,2,,
04/01/2016,2,,
05/01/2016,2,,
06/01/2016,2,,
07/01/2016,2,,
08/01/2016,2,,
11/01/2016,2,,
12/01/2016,2,,
13/01/2016,2,,
14/01/2016,2,,
15/01/2016,2,,
18/01/2016,2,,
19/01/2016,2,,
20/01/2016,2,,
21/01/2016,2,,
22/01/2016,2,,
25/01/2016,2,,
27/01/2016,2,,
28/01/2016,2,,
29/01/2016,2,,
01/02/2016,2,,
02/02/2016,2,,
03/02/2016,2,,
04/02/2016,2,,
05/02/2016,2,,
08/02/2016,2,,
09/02/2016,2,,
10/02/2016,2,,
11/02/2016,2,,
12/02/2016,2,,
15/02/2016,2,,
16/02/2016,2,,
17/02/2016,2,,
18/02/2016,2,,
19/02/2016,2,,
22/02/2016,2,,
23/02/2016,2,,
24/02/2016,2,,
25/02/2016,2,,
26/02/2016,2,,
29/02/2016,2,,
01/03/2016,2,,
02/03/2016,2,,
03/03/2016,2,,
04/03/2016,2,,
07/03/2016,2,,
08/03/2016,2,,
09/03/2016,2,,
10/03/2016,2,,
11/03/2016,2,,
14/03/2016,2,,
15/03/2016,2,,
16/03/2016,2,,
17/03/2016,2,,
18/03/2016,2,,
21/03/2016,2,,
22/03/2016,2,,
23/03/2016,2,,
24/03/2016,2,,
29/03/2016,2,,
30/03/2016,2,,
31/03/2016,2,,
01/04/2016,2,,
04/04/2016,2,,
05/04/2016,2,,
06/04/2016,2,,
07/04/2016,2,,
08/04/2016,2,,
11/04/2016,2,,
12/04/2016,2,,
13/04/2016,2,,
14/04/2016,2,,
15/04/2016,2,,
18/04/2016,2,,
19/04/2016,2,,
20/04/2016,2,,
21/04/2016,2,,
22/04/2016,2,,
26/04/2016,2,,
27/04/2016,2,,
28/04/2016,2,,
29/04/2016,2,,
02/05/2016,2,,
03/05/2016,2,,
04/05/2016,1.75,,
05/05/2016,1.75,,
06/05/2016,1.75,,
09/05/2016,1.75,,
10/05/2016,1.75,,
11/05/2016,1.75,,
12/05/2016,1.75,,
13/05/2016,1.75,,
16/05/2016,1.75,,
17/05/2016,1.75,,
18/05/2016,1.75,,
19/05/2016,1.75,,
20/05/2016,1.75,,
23/05/2016,1.75,,
24/05/2016,1.75,,
25/05/2016,1.75,,
26/05/2016,1.75,,
27/05/2016,1.75,,
30/05/2016,1.75,,
31/05/2016,1.75,,
01/06/2016,1.75,,
02/06/2016,1.75,,
03/06/2016,1.75,,
06/06/2016,1.75,,
07/06/2016,1.75,,
08/06/2016,1.75,,
09/06/2016,1.75,,
10/06/2016,1.75,,
14/06/2016,1.75,,
15/06/2016,1.75,,
16/06/2016,1.75,,
17/06/2016,1.75,,
20/06/2016,1.75,,
21/06/2016,1.75,,
22/06/2016,1.75,,
23/06/2016,1.75,,
24/06/2016,1.75,,
27/06/2016,1.75,,
28/06/2016,1.75,,
29/06/2016,1.75,,
30/06/2016,1.75,,
01/07/2016,1.75,,
04/07/2016,1.75,,
05/07/2016,1.75,,
06/07/2016,1.75,,
07/07/2016,1.75,,
08/07/2016,1.75,,
11/07/2016,1.75,,
12/07/2016,1.75,,
13/07/2016,1.75,,
14/07/2016,1.75,,
15/07/2016,1.75,,
18/07/2016,1.75,,
19/07/2016,1.75,,
20/07/2016,1.75,,
21/07/2016,1.75,,
22/07/2016,1.75,,
25/07/2016,1.75,,
26/07/2016,1.75,,
27/07/2016,1.75,,
28/07/2016,1.75,,
29/07/2016,1.75,,
01/08/2016,1.75,,
02/08/2016,1.75,,
03/08/2016,1.5,,
04/08/2016,1.5,,
05/08/2016,1.5,,
08/08/2016,1.5,,
09/08/2016,1.5,,
10/08/2016,1.5,,
11/08/2016,1.5,,
12/08/2016,1.5,,
15/08/2016,1.5,,
16/08/2016,1.5,,
17/08/2016,1.5,,
18/08/2016,1.5,,
19/08/2016,1.5,,
22/08/2016,1.5,,
23/08/2016,1.5,,
24/08/2016,1.5,,
25/08/2016,1.5,,
26/08/2016,1.5,,
29/08/2016,1.5,,
30/08/2016,1.5,,
31/08/2016,1.5,,
01/09/2016,1.5,,
02/09/2016,1.5,,
05/09/2016,1.5,,
06/09/2016,1.5,,
07/09/2016,1.5,,
08/09/2016,1.5,,
09/09/2016,1.5,,
12/09/2016,1.5,,
13/09/2016,1.5,,
14/09/2016,1.5,,
15/09/2016,1.5,,
16/09/2016,1.5,,
19/09/2016,1.5,,
20/09/2016,1.5,,
21/09/2016,1.5,,
22/09/2016,1.5,,
23/09/2016,1.5,,
26/09/2016,1.5,,
27/09/2016,1.5,,
28/09/2016,1.5,,
29/09/2016,1.5,,
30/09/2016,1.5,,
03/10/2016,1.5,,
04/10/2016,1.5,,
05/10/2016,1.5,,
06/10/2016,1.5,,
07/10/2016,1.5,,
10/10/2016,1.5,,
11/10/2016,1.5,,
12/10/2016,1.5,,
13/10/2016,1.5,,
14/10/2016,1.5,,
17/10/2016,1.5,,
18/10/2016,1.5,,
19/10/2016,1.5,,
20/10/2016,1.5,,
21/10/2016,1.5,,
24/10/2016,1.5,,
25/10/2016,1.5,,
26/10/2016,1.5,,
27/10/2016,1.5,,
28/10/2016,1.5,,
31/10/2016,1.5,,
01/11/2016,1.5,,
02/11/2016,1.5,,
03/11/2016,1.5,,
04/11/2016,1.5,,
07/11/2016,1.5,,
08/11/2016,1.5,,
09/11/2016,1.5,,
10/11/2016,1.5,,
11/11/2016,1.5,,
14/11/2016,1.5,,
15/11/2016,1.5,,
16/11/2016,1.5,,
17/11/2016,1.5,,
18/11/2016,1.5,,
21/11/2016,1.5,,
22/11/2016,1.5,,
23/11/2016,1.5,,
24/11/2016,1.5,,
25/11/2016,1.5,,
28/11/2016,1.5,,
29/11/2016,1.5,,
30/11/2016,1.5,,
01/12/2016,1.5,,
02/12/2016,1.5,,
05/12/2016,1.5,,
06/12/2016,1.5,,
07/12/2016,1.5,,
08/12/2016,1.5,,
09/12/2016,1.5,,
12/12/2016,1.5,,
13/12/2016,1.5,,
14/12/2016,1.5,,
15/12/2016,1.5,,
16/12/2016,1.5,,
19/12/2016,1.5,,
20/12/2016,1.5,,
21/12/2016,1.5,,
22/12/2016,1.5,,
23/12/2016,1.5,,
28/12/2016,1.5,,
29/12/2016,1.5,,
30/12/2016,1.5,,
03/01/2017,1.5,,
04/01/2017,1.5,,
05/01/2017,1.5,,
06/01/2017,1.5,,
09/01/2017,1.5,,
10/01/2017,1.5,,
11/01/2017,1.5,,
12/01/2017,1.5,,
13/01/2017,1.5,,
16/01/2017,1.5,,
17/01/2017,1.5,,
18/01/2017,1.5,,
19/01/2017,1.5,,
20/01/2017,1.5,,
23/01/2017,1.5,,
24/01/2017,1.5,,
25/01/2017,1.5,,
27/01/2017,1.5,,
30/01/2017,1.5,,
31/01/2017,1.5,,
01/02/2017,1.5,,
02/02/2017,1.5,,
03/02/2017,1.5,,
06/02/2017,1.5,,
07/02/2017,1.5,,
08/02/2017,1.5,,
09/02/2017,1.5,,
10/02/2017,1.5,,
13/02/2017,1.5,,
14/02/2017,1.5,,
15/02/2017,1.5,,
16/02/2017,1.5,,
17/02/2017,1.5,,
20/02/2017,1.5,,
21/02/2017,1.5,,
22/02/2017,1.5,,
23/02/2017,1.5,,
24/02/2017,1.5,,
27/02/2017,1.5,,
28/02/2017,1.5,,
01/03/2017,1.5,,
02/03/2017,1.5,,
03/03/2017,1.5,,
06/03/2017,1.5,,
07/03/2017,1.5,,
08/03/2017,1.5,,
09/03/2017,1.5,,
10/03/2017,1.5,,
13/03/2017,1.5,,
14/03/2017,1.5,,
15/03/2017,1.5,,
16/03/2017,1.5,,
17/03/2017,1.5,,
20/03/2017,1.5,,
21/03/2017,1.5,,
22/03/2017,1.5,,
23/03/2017,1.5,,
24/03/2017,1.5,,
27/03/2017,1.5,,
28/03/2017,1.5,,
29/03/2017,1.5,,
30/03/2017,1.5,,
31/03/2017,1.5,,
03/04/2017,1.5,,
04/04/2017,1.5,,
05/04/2017,1.5,,
06/04/2017,1.5,,
07/04/2017,1.5,,
10/04/2017,1.5,,
11/04/2017,1.5,,
12/04/2017,1.5,,
13/04/2017,1.5,,
18/04/2017,1.5,,
19/04/2017,1.5,,
20/04/2017,1.5,,
21/04/2017,1.5,,
24/04/2017,1.5,,
26/04/2017,1.5,,
27/04/2017,1.5,,
28/04/2017,1.5,,
01/05/2017,1.5,,
02/05/2017,1.5,,
03/05/2017,1.5,,
04/05/2017,1.5,,
05/05/2017,1.5,,
08/05/2017,1.5,,
09/05/2017,1.5,,
10/05/2017,1.5,,
11/05/2017,1.5,,
12/05/2017,1.5,,
15/05/2017,1.5,,
16/05/2017,1.5,,
17/05/2017,1.5,,
18/05/2017,1.5,,
19/05/2017,1.5,,
22/05/2017,1.5,,
23/05/2017,1.5,,
24/05/2017,1.5,,
25/05/2017,1.5,,
26/05/2017,1.5,,
29/05/2017,1.5,,
30/05/2017,1.5,,
31/05/2017,1.5,,
01/06/2017,1.5,,
02/06/2017,1.5,,
05/06/2017,1.5,,
06/06/2017,1.5,,
07/06/2017,1.5,,
08/06/2017,1.5,,
09/06/2017,1.5,,
13/06/2017,1.5,,
14/06/2017,1.5,,
15/06/2017,1.5,,
16/06/2017,1.5,,
19/06/2017,1.5,,
20/06/2017,1.5,,
21/06/2017,1.5,,
22/06/2017,1.5,,
23/06/2017,1.5,,
26/06/2017,1.5,,
27/06/2017,1.5,,
28/06/2017,1.5,,
29/06/2017,1.5,,
30/06/2017,1.5,,
03/07/2017,1.5,,
04/07/2017,1.5,,
05/07/2017,1.5,,
06/07/2017,1.5,,
07/07/2017,1.5,,
10/07/2017,1.5,,
11/07/2017,1.5,,
12/07/2017,1.5,,
13/07/2017,1.5,,
14/07/2017,1.5,,
17/07/2017,1.5,,
18/07/2017,1.5,,
19/07/2017,1.5,,
20/07/2017,1.5,,
21/07/2017,1.5,,
24/07/2017,1.5,,
25/07/2017,1.5,,
26/07/2017,1.5,,
27/07/2017,1.5,,
28/07/2017,1.5,,
31/07/2017,1.5,,
01/08/2017,1.5,,
02/08/2017,1.5,,
03/08/2017,1.5,,
04/08/2017,1.5,,
07/08/2017,1.5,,
08/08/2017,1.5,,
09/08/2017,1.5,,
10/08/2017,1.5,,
11/08/2017,1.5,,
14/08/2017,1.5,,
15/08/2017,1.5,,
16/08/2017,1.5,,
17/08/2017,1.5,,
18/08/2017,1.5,,
21/08/2017,1.5,,
22/08/2017,1.5,,
23/08/2017,1.5,,
24/08/2017,1.5,,
25/08/2017,1.5,,
28/08/2017,1.5,,
29/08/2017,1.5,,
30/08/2017,1.5,,
31/08/2017,1.5,,
01/09/2017,1.5,,
04/09/2017,1.5,,
05/09/2017,1.5,,
06/09/2017,1.5,,
07/09/2017,1.5,,
08/09/2017,1.5,,
11/09/2017,1.5,,
12/09/2017,1.5,,
13/09/2017,1.5,,
14/09/2017,1.5,,
15/09/2017,1.5,,
18/09/2017,1.5,,
19/09/2017,1.5,,
20/09/2017,1.5,,
21/09/2017,1.5,,
22/09/2017,1.5,,
25/09/2017,1.5,,
26/09/2017,1.5,,
27/09/2017,1.5,,
28/09/2017,1.5,,
29/09/2017,1.5,,
02/10/2017,1.5,,
03/10/2017,1.5,,
04/10/2017,1.5,,
05/10/2017,1.5,,
06/10/2017,1.5,,
09/10/2017,1.5,,
10/10/2017,1.5,,
11/10/2017,1.5,,
12/10/2017,1.5,,
13/10/2017,1.5,,
16/10/2017,1.5,,
17/10/2017,1.5,,
18/10/2017,1.5,,
19/10/2017,1.5,,
20/10/2017,1.5,,
23/10/2017,1.5,,
24/10/2017,1.5,,
25/10/2017,1.5,,
26/10/2017,1.5,,
27/10/2017,1.5,,
30/10/2017,1.5,,
31/10/2017,1.5,,
01/11/2017,1.5,,
02/11/2017,1.5,,
03/11/2017,1.5,,
06/11/2017,1.5,,
07/11/2017,1.5,,
08/11/2017,1.5,,
09/11/2017,1.5,,
10/11/2017,1.5,,
13/11/2017,1.5,,
14/11/2017,1.5,,
15/11/2017,1.5,,
16/11/2017,1.5,,
17/11/2017,1.5,,
20/11/2017,1.5,,
21/11/2017,1.5,,
22/11/2017,1.5,,
23/11/2017,1.5,,
24/11/2017,1.5,,
27/11/2017,1.5,,
28/11/2017,1.5,,
29/11/2017,1.5,,
30/11/2017,1.5,,
01/12/2017,1.5,,
04/12/2017,1.5,,
05/12/2017,1.5,,
06/12/2017,1.5,,
07/12/2017,1.5,,
08/12/2017,1.5,,
11/12/2017,1.5,,
12/12/2017,1.5,,
13/12/2017,1.5,,
14/12/2017,1.5,,
15/12/2017,1.5,,
18/12/2017,1.5,,
19/12/2017,1.5,,
20/12/2017,1.5,,
21/12/2017,1.5,,
22/12/2017,1.5,,
27/12/2017,1.5,,
28/12/2017,1.5,,
29/12/2017,1.5,,
02/01/2018,1.5,,
03/01/2018,1.5,,
04/01/2018,1.5,,
05/01/2018,1.5,,
08/01/2018,1.5,,
09/01/2018,1.5,,
10/01/2018,1.5,,
11/01/2018,1.5,,
12/01/2018,1.5,,
15/01/2018,1.5,,
16/01/2018,1.5,,
17/01/2018,1.5,,
18/01/2018,1.5,,
19/01/2018,1.5,,
22/01/2018,1.5,,
23/01/2018,1.5,,
24/01/2018,1.5,,
25/01/2018,1.5,,
29/01/2018,1.5,,
30/01/2018,1.5,,
31/01/2018,1.5,,
01/02/2018,1.5,,
02/02/2018,1.5,,
05/02/2018,1.5,,
06/02/2018,1.5,,
07/02/2018,1.5,,
08/02/2018,1.5,,
09/02/2018,1.5,,
12/02/2018,1.5,,
13/02/2018,1.5,,
14/02/2018,1.5,,
15/02/2018,1.5,,
16/02/2018,1.5,,
19/02/2018,1.5,,
20/02/2018,1.5,,
21/02/2018,1.5,,
22/02/2018,1.5,,
23/02/2018,1.5,,
26/02/2018,1.5,,
27/02/2018,1.5,,
28/02/2018,1.5,,
01/03/2018,1.5,,
02/03/2018,1.5,,
05/03/2018,1.5,,
06/03/2018,1.5,,
07/03/2018,1.5,,
08/03/2018,1.5,,
09/03/2018,1.5,,
12/03/2018,1.5,,
13/03/2018,1.5,,
14/03/2018,1.5,,
15/03/2018,1.5,,
16/03/2018,1.5,,
19/03/2018,1.5,,
20/03/2018,1.5,,
21/03/2018,1.5,,
22/03/2018,1.5,,
23/03/2018,1.5,,
26/03/2018,1.5,,
27/03/2018,1.5,,
28/03/2018,1.5,,
29/03/2018,1.5,,
03/04/2018,1.5,,
04/04/2018,1.5,,
05/04/2018,1.5,,
06/04/2018,1.5,,
09/04/2018,1.5,,
10/04/2018,1.5,,
11/04/2018,1.5,,
12/04/2018,1.5,,
13/04/2018,1.5,,
16/04/2018,1.5,,
17/04/2018,1.5,,
18/04/2018,1.5,,
19/04/2018,1.5,,
20/04/2018,1.5,,
23/04/2018,1.5,,
24/04/2018,1.5,,
26/04/2018,1.5,,
27/04/2018,1.5,,
30/04/2018,1.5,,
01/05/2018,1.5,,
02/05/2018,1.5,,
03/05/2018,1.5,,
04/05/2018,1.5,,
07/05/2018,1.5,,
08/05/2018,1.5,,
09/05/2018,1.5,,
10/05/2018,1.5,,
11/05/2018,1.5,,
14/05/2018,1.5,,
15/05/2018,1.5,,
16/05/2018,1.5,,
17/05/2018,1.5,,
18/05/2018,1.5,,
21/05/2018,1.5,,
22/05/2018,1.5,,
23/05/2018,1.5,,
24/05/2018,1.5,,
25/05/2018,1.5,,
28/05/2018,1.5,,
29/05/2018,1.5,,
30/05/2018,1.5,,
31/05/2018,1.5,,
01/06/2018,1.5,,
04/06/2018,1.5,,
05/06/2018,1.5,,
06/06/2018,1.5,,
07/06/2018,1.5,,
08/06/2018,1.5,,
12/06/2018,1.5,,
13/06/2018,1.5,,
14/06/2018,1.5,,
15/06/2018,1.5,,
18/06/2018,1.5,,
19/06/2018,1.5,,
20/06/2018,1.5,,
21/06/2018,1.5,,
22/06/2018,1.5,,
25/06/2018,1.5,,
26/06/2018,1.5,,
27/06/2018,1.5,,
28/06/2018,1.5,,
29/06/2018,1.5,,
02/07/2018,1.5,,
03/07/2018,1.5,,
04/07/2018,1.5,,
05/07/2018,1.5,,
06/07/2018,1.5,,
09/07/2018,1.5,,
10/07/2018,1.5,,
11/07/2018,1.5,,
12/07/2018,1.5,,
13/07/2018,1.5,,
16/07/2018,1.5,,
17/07/2018,1.5,,
18/07/2018,1.5,,
19/07/2018,1.5,,
20/07/2018,1.5,,
23/07/2018,1.5,,
24/07/2018,1.5,,
25/07/2018,1.5,,
26/07/2018,1.5,,
27/07/2018,1.5,,
30/07/2018,1.5,,
31/07/2018,1.5,,
01/08/2018,1.5,,
02/08/2018,1.5,,
03/08/2018,1.5,,
06/08/2018,1.5,,
07/08/2018,1.5,,
08/08/2018,1.5,,
09/08/2018,1.5,,
10/08/2018,1.5,,
13/08/2018,1.5,,
14/08/2018,1.5,,
15/08/2018,1.5,,
16/08/2018,1.5,,
17/08/2018,1.5,,
20/08/2018,1.5,,
21/08/2018,1.5,,
22/08/2018,1.5,,
23/08/2018,1.5,,
24/08/2018,1.5,,
27/08/2018,1.5,,
28/08/2018,1.5,,
29/08/2018,1.5,,
30/08/2018,1.5,,
31/08/2018,1.5,,
03/09/2018,1.5,,
04/09/2018,1.5,,
05/09/2018,1.5,,
06/09/2018,1.5,,
07/09/2018,1.5,,
10/09/2018,1.5,,
11/09/2018,1.5,,
12/09/2018,1.5,,
13/09/2018,1.5,,
14/09/2018,1.5,,
17/09/2018,1.5,,
18/09/2018,1.5,,
19/09/2018,1.5,,
20/09/2018,1.5,,
21/09/2018,1.5,,
24/09/2018,1.5,,
25/09/2018,1.5,,
26/09/2018,1.5,,
27/09/2018,1.5,,
28/09/2018,1.5,,
01/10/2018,1.5,,
02/10/2018,1.5,,
03/10/2018,1.5,,
04/10/2018,1.5,,
05/10/2018,1.5,,
08/10/2018,1.5,,
09/10/2018,1.5,,
10/10/2018,1.5,,
11/10/2018,1.5,,
12/10/2018,1.5,,
15/10/2018,1.5,,
16/10/2018,1.5,,
17/10/2018,1.5,,
18/10/2018,1.5,,
19/10/2018,1.5,,
22/10/2018,1.5,,
23/10/2018,1.5,,
24/10/2018,1.5,,
25/10/2018,1.5,,
26/10/2018,1.5,,
29/10/2018,1.5,,
30/10/2018,1.5,,
31/10/2018,1.5,,
01/11/2018,1.5,,
02/11/2018,1.5,,
05/11/2018,1.5,,
06/11/2018,1.5,,
07/11/2018,1.5,,
08/11/2018,1.5,,
09/11/2018,1.5,,
12/11/2018,1.5,,
13/11/2018,1.5,,
14/11/2018,1.5,,
15/11/2018,1.5,,
16/11/2018,1.5,,
19/11/2018,1.5,,
20/11/2018,1.5,,
21/11/2018,1.5,,
22/11/2018,1.5,,
23/11/2018,1.5,,
26/11/2018,1.5,,
27/11/2018,1.5,,
28/11/2018,1.5,,
29/11/2018,1.5,,
30/11/2018,1.5,,
03/12/2018,1.5,,
04/12/2018,1.5,,
05/12/2018,1.5,,
06/12/2018,1.5,,
07/12/2018,1.5,,
10/12/2018,1.5,,
11/12/2018,1.5,,
12/12/2018,1.5,,
13/12/2018,1.5,,
14/12/2018,1.5,,
17/12/2018,1.5,,
18/12/2018,1.5,,
19/12/2018,1.5,,
20/12/2018,1.5,,
21/12/2018,1.5,,
24/12/2018,1.5,,
27/12/2018,1.5,,
28/12/2018,1.5,,
31/12/2018,1.5,,
02/01/2019,1.5,,
03/01/2019,1.5,,
04/01/2019,1.5,,
07/01/2019,1.5,,
08/01/2019,1.5,,
09/01/2019,1.5,,
10/01/2019,1.5,,
11/01/2019,1.5,,
14/01/2019,1.5,,
15/01/2019,1.5,,
16/01/2019,1.5,,
17/01/2019,1.5,,
18/01/2019,1.5,,
21/01/2019,1.5,,
22/01/2019,1.5,,
23/01/2019,1.5,,
24/01/2019,1.5,,
25/01/2019,1.5,,
29/01/2019,1.5,,
30/01/2019,1.5,,
31/01/2019,1.5,,
01/02/2019,1.5,,
04/02/2019,1.5,,
05/02/2019,1.5,,
06/02/2019,1.5,,
07/02/2019,1.5,,
08/02/2019,1.5,,
11/02/2019,1.5,,
12/02/2019,1.5,,
13/02/2019,1.5,,
14/02/2019,1.5,,
15/02/2019,1.5,,
18/02/2019,1.5,,
19/02/2019,1.5,,
20/02/2019,1.5,,
21/02/2019,1.5,,
22/02/2019,1.5,,
25/02/2019,1.5,,
26/02/2019,1.5,,
27/02/2019,1.5,,
28/02/2019,1.5,,
01/03/2019,1.5,,
04/03/2019,1.5,,
05/03/2019,1.5,,
06/03/2019,1.5,,
07/03/2019,1.5,,
08/03/2019,1.5,,
11/03/2019,1.5,,
12/03/2019,1.5,,
13/03/2019,1.5,,
14/03/2019,1.5,,
15/03/2019,1.5,,
18/03/2019,1.5,,
19/03/2019,1.5,,
20/03/2019,1.5,,
21/03/2019,1.5,,
22/03/2019,1.5,,
25/03/2019,1.5,,
26/03/2019,1.5,,
27/03/2019,1.5,,
28/03/2019,1.5,,
29/03/2019,1.5,,
01/04/2019,1.5,,
02/04/2019,1.5,,
03/04/2019,1.5,,
04/04/2019,1.5,,
05/04/2019,1.5,,
08/04/2019,1.5,,
09/04/2019,1.5,,
10/04/2019,1.5,,
11/04/2019,1.5,,
12/04/2019,1.5,,
15/04/2019,1.5,,
16/04/2019,1.5,,
17/04/2019,1.5,,
18/04/2019,1.5,,
23/04/2019,1.5,,
24/04/2019,1.5,,
26/04/2019,1.5,,
29/04/2019,1.5,,
30/04/2019,1.5,,
01/05/2019,1.5,,
02/05/2019,1.5,,
03/05/2019,1.5,,
06/05/2019,1.5,,
07/05/2019,1.5,,
08/05/2019,1.5,,
09/05/2019,1.5,,
10/05/2019,1.5,,
13/05/2019,1.5,,
14/05/2019,1.5,,
15/05/2019,1.5,,
16/05/2019,1.5,,
17/05/2019,1.5,,
20/05/2019,1.5,,
21/05/2019,1.5,,
22/05/2019,1.5,,
23/05/2019,1.5,,
24/05/2019,1.5,,
27/05/2019,1.5,,
28/05/2019,1.5,,
29/05/2019,1.5,,
30/05/2019,1.5,,
31/05/2019,1.5,,
03/06/2019,1.5,,
04/06/2019,1.5,,
05/06/2019,1.25,,
06/06/2019,1.25,,
07/06/2019,1.25,,
11/06/2019,1.25,,
12/06/2019,1.25,,
13/06/2019,1.25,,
14/06/2019,1.25,,
17/06/2019,1.25,,
18/06/2019,1.25,,
19/06/2019,1.25,,
20/06/2019,1.25,,
21/06/2019,1.25,,
24/06/2019,1.25,,
25/06/2019,1.25,,
26/06/2019,1.25,,
27/06/2019,1.25,,
28/06/2019,1.25,,
01/07/2019,1.25,,
02/07/2019,1.25,,
03/07/2019,1,,
04/07/2019,1,,
05/07/2019,1,,
08/07/2019,1,,
09/07/2019,1,,
10/07/2019,1,,
11/07/2019,1,,
12/07/2019,1,,
15/07/2019,1,,
16/07/2019,1,,
17/07/2019,1,,
18/07/2019,1,,
19/07/2019,1,,
22/07/2019,1,,
23/07/2019,1,,
24/07/2019,1,,
25/07/2019,1,,
26/07/2019,1,,
29/07/2019,1,,
30/07/2019,1,,
31/07/2019,1,,
01/08/2019,1,,
02/08/2019,1,,
05/08/2019,1,,
06/08/2019,1,,
07/08/2019,1,,
08/08/2019,1,,
09/08/2019,1,,
12/08/2019,1,,
13/08/2019,1,,
14/08/2019,1,,
15/08/2019,1,,
16/08/2019,1,,
19/08/2019,1,,
20/08/2019,1,,
21/08/2019,1,,
22/08/2019,1,,
23/08/2019,1,,
26/08/2019,1,,
27/08/2019,1,,
28/08/2019,1,,
29/08/2019,1,,
30/08/2019,1,,
02/09/2019,1,,
03/09/2019,1,,
04/09/2019,1,,
05/09/2019,1,,
06/09/2019,1,,
09/09/2019,1,,
10/09/2019,1,,
11/09/2019,1,,
12/09/2019,1,,
13/09/2019,1,,
16/09/2019,1,,
17/09/2019,1,,
18/09/2019,1,,
19/09/2019,1,,
20/09/2019,1,,
23/09/2019,1,,
24/09/2019,1,,
25/09/2019,1,,
26/09/2019,1,,
27/09/2019,1,,
30/09/2019,1,,
01/10/2019,1,,
02/10/2019,0.75,,
03/10/2019,0.75,,
04/10/2019,0.75,,
07/10/2019,0.75,,
08/10/2019,0.75,,
09/10/2019,0.75,,
10/10/2019,0.75,,
11/10/2019,0.75,,
14/10/2019,0.75,,
15/10/2019,0.75,,
16/10/2019,0.75,,
17/10/2019,0.75,,
18/10/2019,0.75,,
21/10/2019,0.75,,
22/10/2019,0.75,,
23/10/2019,0.75,,
24/10/2019,0.75,,
25/10/2019,0.75,,
28/10/2019,0.75,,
29/10/2019,0.75,,
30/10/2019,0.75,,
31/10/2019,0.75,,
01/11/2019,0.75,,
04/11/2019,0.75,,
05/11/2019,0.75,,
06/11/2019,0.75,,
07/11/2019,0.75,,
08/11/2019,0.75,,
11/11/2019,0.75,,
12/11/2019,0.75,,
13/11/2019,0.75,,
14/11/2019,0.75,,
15/11/2019,0.75,,
18/11/2019,0.75,,
19/11/2019,0.75,,
20/11/2019,0.75,,
21/11/2019,0.75,,
22/11/2019,0.75,,
25/11/2019,0.75,,
26/11/2019,0.75,,
27/11/2019,0.75,,
28/11/2019,0.75,,
29/11/2019,0.75,,
02/12/2019,0.75,,
03/12/2019,0.75,,
04/12/2019,0.75,,
05/12/2019,0.75,,
06/12/2019,0.75,,
09/12/2019,0.75,,
10/12/2019,0.75,,
11/12/2019,0.75,,
12/12/2019,0.75,,
13/12/2019,0.75,,
16/12/2019,0.75,,
17/12/2019,0.75,,
18/12/2019,0.75,,
19/12/2019,0.75,,
20/12/2019,0.75,,
23/12/2019,0.75,,
24/12/2019,0.75,,
27/12/2019,0.75,,
30/12/2019,0.75,,
31/12/2019,0.75,,
02/01/2020,0.75,,
03/01/2020,0.75,,
06/01/2020,0.75,,
07/01/2020,0.75,,
08/01/2020,0.75,,
09/01/2020,0.75,,
10/01/2020,0.75,,
13/01/2020,0.75,,
14/01/2020,0.75,,
15/01/2020,0.75,,
16/01/2020,0.75,,
17/01/2020,0.75,,
20/01/2020,0.75,,
21/01/2020,0.75,,
22/01/2020,0.75,,
23/01/2020,0.75,,
24/01/2020,0.75,,
28/01/2020,0.75,,
29/01/2020,0.75,,
30/01/2020,0.75,,
31/01/2020,0.75,,
03/02/2020,0.75,,
04/02/2020,0.75,,
05/02/2020,0.75,,
06/02/2020,0.75,,
07/02/2020,0.75,,
10/02/2020,0.75,,
11/02/2020,0.75,,
12/02/2020,0.75,,
13/02/2020,0.75,,
14/02/2020,0.75,,
17/02/2020,0.75,,
18/02/2020,0.75,,
19/02/2020,0.75,,
20/02/2020,0.75,,
21/02/2020,0.75,,
24/02/2020,0.75,,
25/02/2020,0.75,,
26/02/2020,0.75,,
27/02/2020,0.75,,
28/02/2020,0.75,,
02/03/2020,0.75,,
03/03/2020,0.75,,
04/03/2020,0.5,,
05/03/2020,0.5,,
06/03/2020,0.5,,
09/03/2020,0.5,,
10/03/2020,0.5,,
11/03/2020,0.5,,
12/03/2020,0.5,,
13/03/2020,0.5,,
16/03/2020,0.5,,
17/03/2020,0.5,,
18/03/2020,0.5,,
19/03/2020,0.5,,
20/03/2020,0.25,,
23/03/2020,0.25,,
24/03/2020,0.25,,
25/03/2020,0.25,,
26/03/2020,0.25,,
27/03/2020,0.25,,
30/03/2020,0.25,,
31/03/2020,0.25,,
01/04/2020,0.25,,
02/04/2020,0.25,,
03/04/2020,0.25,,
06/04/2020,0.25,,
07/04/2020,0.25,,
08/04/2020,0.25,,
09/04/2020,0.25,,
14/04/2020,0.25,,
15/04/2020,0.25,,
16/04/2020,0.25,,
17/04/2020,0.25,,
20/04/2020,0.25,,
21/04/2020,0.25,,
22/04/2020,0.25,,
23/04/2020,0.25,,
24/04/2020,0.25,,
27/04/2020,0.25,,
28/04/2020,0.25,,
29/04/2020,0.25,,
30/04/2020,0.25,,
01/05/2020,0.25,,
04/05/2020,0.25,,
05/05/2020,0.25,,
06/05/2020,0.25,,
07/05/2020,0.25,,
08/05/2020,0.25,,
11/05/2020,0.25,,
12/05/2020,0.25,,
13/05/2020,0.25,,
14/05/2020,0.25,,
15/05/2020,0.25,,
18/05/2020,0.25,,
19/05/2020,0.25,,
20/05/2020,0.25,,
21/05/2020,0.25,,
22/05/2020,0.25,,
25/05/2020,0.25,,
26/05/2020,0.25,,
27/05/2020,0.25,,
28/05/2020,0.25,,
29/05/2020,0.25,,
01/06/2020,0.25,,
02/06/2020,0.25,,
03/06/2020,0.25,,
04/06/2020,0.25,,
05/06/2020,0.25,,
09/06/2020,0.25,,
10/06/2020,0.25,,
11/06/2020,0.25,,
12/06/2020,0.25,,
15/06/2020,0.25,,
16/06/2020,0.25,,
17/06/2020,0.25,,
18/06/2020,0.25,,
19/06/2020,0.25,,
22/06/2020,0.25,,
23/06/2020,0.25,,
24/06/2020,0.25,,
25/06/2020,0.25,,
26/06/2020,0.25,,
29/06/2020,0.25,,
30/06/2020,0.25,,
01/07/2020,0.25,,
02/07/2020,0.25,,
03/07/2020,0.25,,
06/07/2020,0.25,,
07/07/2020,0.25,,
08/07/2020,0.25,,
09/07/2020,0.25,,
10/07/2020,0.25,,
13/07/2020,0.25,,
14/07/2020,0.25,,
15/07/2020,0.25,,
16/07/2020,0.25,,
17/07/2020,0.25,,
20/07/2020,0.25,,
21/07/2020,0.25,,
22/07/2020,0.25,,
23/07/2020,0.25,,
24/07/2020,0.25,,
27/07/2020,0.25,,
28/07/2020,0.25,,
29/07/2020,0.25,,
30/07/2020,0.25,,
31/07/2020,0.25,,
03/08/2020,0.25,,
04/08/2020,0.25,,
05/08/2020,0.25,,
06/08/2020,0.25,,
07/08/2020,0.25,,
10/08/2020,0.25,,
11/08/2020,0.25,,
12/08/2020,0.25,,
13/08/2020,0.25,,
14/08/2020,0.25,,
17/08/2020,0.25,,
18/08/2020,0.25,,
19/08/2020,0.25,,
20/08/2020,0.25,,
21/08/2020,0.25,,
24/08/2020,0.25,,
25/08/2020,0.25,,
26/08/2020,0.25,,
27/08/2020,0.25,,
28/08/2020,0.25,,
31/08/2020,0.25,,
01/09/2020,0.25,,
02/09/2020,0.25,,
03/09/2020,0.25,,
04/09/2020,0.25,,
07/09/2020,0.25,,
08/09/2020,0.25,,
09/09/2020,0.25,,
10/09/2020,0.25,,
11/09/2020,0.25,,
14/09/2020,0.25,,
15/09/2020,0.25,,
16/09/2020,0.25,,
17/09/2020,0.25,,
18/09/2020,0.25,,
21/09/2020,0.25,,
22/09/2020,0.25,,
23/09/2020,0.25,,
24/09/2020,0.25,,
25/09/2020,0.25,,
28/09/2020,0.25,,
29/09/2020,0.25,,
30/09/2020,0.25,,
01/10/2020,0.25,,
02/10/2020,0.25,,
05/10/2020,0.25,,
06/10/2020,0.25,,
07/10/2020,0.25,,
08/10/2020,0.25,,
09/10/2020,0.25,,
12/10/2020,0.25,,
13/10/2020,0.25,,
14/10/2020,0.25,,
15/10/2020,0.25,,
16/10/2020,0.25,,
19/10/2020,0.25,,
20/10/2020,0.25,,
21/10/2020,0.25,,
22/10/2020,0.25,,
23/10/2020,0.25,,
26/10/2020,0.25,,
27/10/2020,0.25,,
28/10/2020,0.25,,
29/10/2020,0.25,,
30/10/2020,0.25,,
02/11/2020,0.25,,
03/11/2020,0.25,,
04/11/2020,0.1,,
05/11/2020,0.1,,
06/11/2020,0.1,,
09/11/2020,0.1,,
10/11/2020,0.1,,
11/11/2020,0.1,,
12/11/2020,0.1,,
13/11/2020,0.1,,
16/11/2020,0.1,,
17/11/2020,0.1,,
18/11/2020,0.1,,
19/11/2020,0.1,,
20/11/2020,0.1,,
23/11/2020,0.1,,
24/11/2020,0.1,,
25/11/2020,0.1,,
26/11/2020,0.1,,
27/11/2020,0.1,,
30/11/2020,0.1,,
01/12/2020,0.1,,
02/12/2020,0.1,,
03/12/2020,0.1,,
04/12/2020,0.1,,
07/12/2020,0.1,,
08/12/2020,0.1,,
09/12/2020,0.1,,
10/12/2020,0.1,,
11/12/2020,0.1,,
14/12/2020,0.1,,
15/12/2020,0.1,,
16/12/2020,0.1,,
17/12/2020,0.1,,
18/12/2020,0.1,,
21/12/2020,0.1,,
22/12/2020,0.1,,
23/12/2020,0.1,,
24/12/2020,0.1,,
29/12/2020,0.1,,
30/12/2020,0.1,,
31/12/2020,0.1,,
04/01/2021,0.1,,
05/01/2021,0.1,,
06/01/2021,0.1,,
07/01/2021,0.1,,
08/01/2021,0.1,,
11/01/2021,0.1,,
12/01/2021,0.1,,
13/01/2021,0.1,,
14/01/2021,0.1,,
15/01/2021,0.1,,
18/01/2021,0.1,,
19/01/2021,0.1,,
20/01/2021,0.1,,
21/01/2021,0.1,,
22/01/2021,0.1,,
25/01/2021,0.1,,
27/01/2021,0.1,,
28/01/2021,0.1,,
29/01/2021,0.1,,
01/02/2021,0.1,,
02/02/2021,0.1,,
03/02/2021,0.1,,
04/02/2021,0.1,,
05/02/2021,0.1,,
08/02/2021,0.1,,
09/02/2021,0.1,,
10/02/2021,0.1,,
11/02/2021,0.1,,
12/02/2021,0.1,,
15/02/2021,0.1,,
16/02/2021,0.1,,
17/02/2021,0.1,,
18/02/2021,0.1,,
19/02/2021,0.1,,
22/02/2021,0.1,,
23/02/2021,0.1,,
24/02/2021,0.1,,
25/02/2021,0.1,,
26/02/2021,0.1,,
01/03/2021,0.1,,
02/03/2021,0.1,,
03/03/2021,0.1,,
04/03/2021,0.1,,
05/03/2021,0.1,,
08/03/2021,0.1,,
09/03/2021,0.1,,
10/03/2021,0.1,,
11/03/2021,0.1,,
12/03/2021,0.1,,
15/03/2021,0.1,,
16/03/2021,0.1,,
17/03/2021,0.1,,
18/03/2021,0.1,,
19/03/2021,0.1,,
22/03/2021,0.1,,
23/03/2021,0.1,,
24/03/2021,0.1,,
25/03/2021,0.1,,
26/03/2021,0.1,,
29/03/2021,0.1,,
30/03/2021,0.1,,
31/03/2021,0.1,,
01/04/2021,0.1,,
06/04/2021,0.1,,
07/04/2021,0.1,,
08/04/2021,0.1,,
09/04/2021,0.1,,
12/04/2021,0.1,,
13/04/2021,0.1,,
14/04/2021,0.1,,
15/04/2021,0.1,,
16/04/2021,0.1,,
19/04/2021,0.1,,
20/04/2021,0.1,,
21/04/2021,0.1,,
22/04/2021,0.1,,
23/04/2021,0.1,,
26/04/2021,0.1,,
27/04/2021,0.1,,
28/04/2021,0.1,,
29/04/2021,0.1,,
30/04/2021,0.1,,
03/05/2021,0.1,,
04/05/2021,0.1,,
05/05/2021,0.1,,
06/05/2021,0.1,,
07/05/2021,0.1,,
10/05/2021,0.1,,
11/05/2021,0.1,,
12/05/2021,0.1,,
13/05/2021,0.1,,
14/05/2021,0.1,,
17/05/2021,0.1,,
18/05/2021,0.1,,
19/05/2021,0.1,,
20/05/2021,0.1,,
21/05/2021,0.1,,
24/05/2021,0.1,,
25/05/2021,0.1,,
26/05/2021,0.1,,
27/05/2021,0.1,,
28/05/2021,0.1,,
31/05/2021,0.1,,
01/06/2021,0.1,,
02/06/2021,0.1,,
03/06/2021,0.1,,
04/06/2021,0.1,,
07/06/2021,0.1,,
08/06/2021,0.1,,
09/06/2021,0.1,,
10/06/2021,0.1,,
11/06/2021,0.1,,
15/06/2021,0.1,,
16/06/2021,0.1,,
17/06/2021,0.1,,
18/06/2021,0.1,,
21/06/2021,0.1,,
22/06/2021,0.1,,
23/06/2021,0.1,,
24/06/2021,0.1,,
25/06/2021,0.1,,
28/06/2021,0.1,,
29/06/2021,0.1,,
30/06/2021,0.1,,
01/07/2021,0.1,,
02/07/2021,0.1,,
05/07/2021,0.1,,
06/07/2021,0.1,,
07/07/2021,0.1,,
08/07/2021,0.1,,
09/07/2021,0.1,,
12/07/2021,0.1,,
13/07/2021,0.1,,
14/07/2021,0.1,,
15/07/2021,0.1,,
16/07/2021,0.1,,
19/07/2021,0.1,,
20/07/2021,0.1,,
21/07/2021,0.1,,
22/07/2021,0.1,,
23/07/2021,0.1,,
26/07/2021,0.1,,
27/07/2021,0.1,,
28/07/2021,0.1,,
29/07/2021,0.1,,
30/07/2021,0.1,,
02/08/2021,0.1,,
03/08/2021,0.1,,
04/08/2021,0.1,,
05/08/2021,0.1,,
06/08/2021,0.1,,
09/08/2021,0.1,,
10/08/2021,0.1,,
11/08/2021,0.1,,
12/08/2021,0.1,,
13/08/2021,0.1,,
16/08/2021,0.1,,
17/08/2021,0.1,,
18/08/2021,0.1,,
19/08/2021,0.1,,
20/08/2021,0.1,,
23/08/2021,0.1,,
24/08/2021,0.1,,
25/08/2021,0.1,,
26/08/2021,0.1,,
27/08/2021,0.1,,
30/08/2021,0.1,,
31/08/2021,0.1,,
01/09/2021,0.1,,
02/09/2021,0.1,,
03/09/2021,0.1,,
06/09/2021,0.1,,
07/09/2021,0.1,,
08/09/2021,0.1,,
09/09/2021,0.1,,
10/09/2021,0.1,,
13/09/2021,0.1,,
14/09/2021,0.1,,
15/09/2021,0.1,,
16/09/2021,0.1,,
17/09/2021,0.1,,
20/09/2021,0.1,,
21/09/2021,0.1,,
22/09/2021,0.1,,
23/09/2021,0.1,,
24/09/2021,0.1,,
27/09/2021,0.1,,
28/09/2021,0.1,,
29/09/2021,0.1,,
30/09/2021,0.1,,
01/10/2021,0.1,,
04/10/2021,0.1,,
05/10/2021,0.1,,
06/10/2021,0.1,,
07/10/2021,0.1,,
08/10/2021,0.1,,
11/10/2021,0.1,,
12/10/2021,0.1,,
13/10/2021,0.1,,
14/10/2021,0.1,,
15/10/2021,0.1,,
18/10/2021,0.1,,
19/10/2021,0.1,,
20/10/2021,0.1,,
21/10/2021,0.1,,
22/10/2021,0.1,,
25/10/2021,0.1,,
26/10/2021,0.1,,
27/10/2021,0.1,,
28/10/2021,0.1,,
29/10/2021,0.1,,
01/11/2021,0.1,,
02/11/2021,0.1,,
03/11/2021,0.1,,
04/11/2021,0.1,,
05/11/2021,0.1,,
08/11/2021,0.1,,
09/11/2021,0.1,,
10/11/2021,0.1,,
11/11/2021,0.1,,
12/11/2021,0.1,,
15/11/2021,0.1,,
16/11/2021,0.1,,
17/11/2021,0.1,,
18/11/2021,0.1,,
19/11/2021,0.1,,
22/11/2021,0.1,,
23/11/2021,0.1,,
24/11/2021,0.1,,
25/11/2021,0.1,,
26/11/2021,0.1,,
29/11/2021,0.1,,
30/11/2021,0.1,,
01/12/2021,0.1,,
02/12/2021,0.1,,
03/12/2021,0.1,,
06/12/2021,0.1,,
07/12/2021,0.1,,
08/12/2021,0.1,,
09/12/2021,0.1,,
10/12/2021,0.1,,
13/12/2021,0.1,,
14/12/2021,0.1,,
15/12/2021,0.1,,
16/12/2021,0.1,,
17/12/2021,0.1,,
20/12/2021,0.1,,
21/12/2021,0.1,,
22/12/2021,0.1,,
23/12/2021,0.1,,
24/12/2021,0.1,,
29/12/2021,0.1,,
30/12/2021,0.1,,
31/12/2021,0.1,,
04/01/2022,0.1,,
05/01/2022,0.1,,
06/01/2022,0.1,,
07/01/2022,0.1,,
10/01/2022,0.1,,
11/01/2022,0.1,,
12/01/2022,0.1,,
13/01/2022,0.1,,
14/01/2022,0.1,,
17/01/2022,0.1,,
18/01/2022,0.1,,
19/01/2022,0.1,,
20/01/2022,0.1,,
21/01/2022,0.1,,
24/01/2022,0.1,,
25/01/2022,0.1,,
27/01/2022,0.1,,
28/01/2022,0.1,,
31/01/2022,0.1,,
01/02/2022,0.1,,
02/02/2022,0.1,,
03/02/2022,0.1,,
04/02/2022,0.1,,
07/02/2022,0.1,,
08/02/2022,0.1,,
09/02/2022,0.1,,
10/02/2022,0.1,,
11/02/2022,0.1,,
14/02/2022,0.1,,
15/02/2022,0.1,,
16/02/2022,0.1,,
17/02/2022,0.1,,
18/02/2022,0.1,,
21/02/2022,0.1,,
22/02/2022,0.1,,
23/02/2022,0.1,,
24/02/2022,0.1,,
25/02/2022,0.1,,
28/02/2022,0.1,,
01/03/2022,0.1,,
02/03/2022,0.1,,
03/03/2022,0.1,,
04/03/2022,0.1,,
07/03/2022,0.1,,
08/03/2022,0.1,,
09/03/2022,0.1,,
10/03/2022,0.1,,
11/03/2022,0.1,,
14/03/2022,0.1,,
15/03/2022,0.1,,
16/03/2022,0.1,,
17/03/2022,0.1,,
18/03/2022,0.1,,
21/03/2022,0.1,,
22/03/2022,0.1,,
23/03/2022,0.1,,
24/03/2022,0.1,,
25/03/2022,0.1,,
28/03/2022,0.1,,
29/03/2022,0.1,,
30/03/2022,0.1,,
31/03/2022,0.1,,
01/04/2022,0.1,,
04/04/2022,0.1,,
05/04/2022,0.1,,
06/04/2022,0.1,,
07/04/2022,0.1,,
08/04/2022,0.1,,
11/04/2022,0.1,,
12/04/2022,0.1,,
13/04/2022,0.1,,
14/04/2022,0.1,,
19/04/2022,0.1,,
20/04/2022,0.1,,
21/04/2022,0.1,,
22/04/2022,0.1,,
26/04/2022,0.1,,
27/04/2022,0.1,,
28/04/2022,0.1,,
29/04/2022,0.1,,
02/05/2022,0.1,,
03/05/2022,0.1,,
04/05/2022,0.35,,
05/05/2022,0.35,,
06/05/2022,0.35,,
09/05/2022,0.35,,
10/05/2022,0.35,,
11/05/2022,0.35,,
12/05/2022,0.35,,
13/05/2022,0.35,,
16/05/2022,0.35,,
17/05/2022,0.35,,
18/05/2022,0.35,,
19/05/2022,0.35,,
20/05/2022,0.35,,
23/05/2022,0.35,,
24/05/2022,0.35,,
25/05/2022,0.35,,
26/05/2022,0.35,,
27/05/2022,0.35,,
30/05/2022,0.35,,
31/05/2022,0.35,,
01/06/2022,0.35,,
02/06/2022,0.35,,
03/06/2022,0.35,,
06/06/2022,0.35,,
07/06/2022,0.35,,
08/06/2022,0.85,,
09/06/2022,0.85,,
10/06/2022,0.85,,
14/06/2022,0.85,,
15/06/2022,0.85,,
16/06/2022,0.85,,
17/06/2022,0.85,,
20/06/2022,0.85,,
21/06/2022,0.85,,
22/06/2022,0.85,,
23/06/2022,0.85,,
24/06/2022,0.85,,
27/06/2022,0.85,,
28/06/2022,0.85,,
29/06/2022,0.85,,
30/06/2022,0.85,,
01/07/2022,0.85,,
04/07/2022,0.85,,
05/07/2022,0.85,,
06/07/2022,1.35,,
07/07/2022,1.35,,
08/07/2022,1.35,,
11/07/2022,1.35,,
12/07/2022,1.35,,
13/07/2022,1.35,,
14/07/2022,1.35,,
15/07/2022,1.35,,
18/07/2022,1.35,,
19/07/2022,1.35,,
20/07/2022,1.35,,
21/07/2022,1.35,,
22/07/2022,1.35,,
25/07/2022,1.35,,
26/07/2022,1.35,,
27/07/2022,1.35,,
28/07/2022,1.35,,
29/07/2022,1.35,,
01/08/2022,1.35,,
02/08/2022,1.35,,
03/08/2022,1.85,,
04/08/2022,1.85,,
05/08/2022,1.85,,
08/08/2022,1.85,,
09/08/2022,1.85,,
10/08/2022,1.85,,
11/08/2022,1.85,,
12/08/2022,1.85,,
15/08/2022,1.85,,
16/08/2022,1.85,,
17/08/2022,1.85,,
18/08/2022,1.85,,
19/08/2022,1.85,,
22/08/2022,1.85,,
23/08/2022,1.85,,
24/08/2022,1.85,,
25/08/2022,1.85,,
26/08/2022,1.85,,
29/08/2022,1.85,,
30/08/2022,1.85,,
31/08/2022,1.85,,
01/09/2022,1.85,,
02/09/2022,1.85,,
05/09/2022,1.85,,
06/09/2022,1.85,,
07/09/2022,2.35,,
08/09/2022,2.35,,
09/09/2022,2.35,,
12/09/2022,2.35,,
13/09/2022,2.35,,
14/09/2022,2.35,,
15/09/2022,2.35,,
16/09/2022,2.35,,
19/09/2022,2.35,,
20/09/2022,2.35,,
21/09/2022,2.35,,
23/09/2022,2.35,,
26/09/2022,2.35,,
27/09/2022,2.35,,
28/09/2022,2.35,,
29/09/2022,2.35,,
30/09/2022,2.35,,
03/10/2022,2.35,,
04/10/2022,2.35,,
05/10/2022,2.6,,
06/10/2022,2.6,,
07/10/2022,2.6,,
10/10/2022,2.6,,
11/10/2022,2.6,,
12/10/2022,2.6,,
13/10/2022,2.6,,
14/10/2022,2.6,,
17/10/2022,2.6,,
18/10/2022,2.6,,
19/10/2022,2.6,,
20/10/2022,2.6,,
21/10/2022,2.6,,
24/10/2022,2.6,,
25/10/2022,2.6,,
26/10/2022,2.6,,
27/10/2022,2.6,,
28/10/2022,2.6,,
31/10/2022,2.6,,
01/11/2022,2.6,,
02/11/2022,2.85,,
03/11/2022,2.85,,
04/11/2022,2.85,,
07/11/2022,2.85,,
08/11/2022,2.85,,
09/11/2022,2.85,,
10/11/2022,2.85,,
11/11/2022,2.85,,
14/11/2022,2.85,,
15/11/2022,2.85,,
16/11/2022,2.85,,
17/11/2022,2.85,,
18/11/2022,2.85,,
21/11/2022,2.85,,
22/11/2022,2.85,,
23/11/2022,2.85,,
24/11/2022,2.85,,
25/11/2022,2.85,,
28/11/2022,2.85,,
29/11/2022,2.85,,
30/11/2022,2.85,,
01/12/2022,2.85,,
02/12/2022,2.85,,
05/12/2022,2.85,,
06/12/2022,2.85,,
07/12/2022,3.1,,
08/12/2022,3.1,,
09/12/2022,3.1,,
12/12/2022,3.1,,
13/12/2022,3.1,,
14/12/2022,3.1,,
15/12/2022,3.1,,
16/12/2022,3.1,,
19/12/2022,3.1,,
20/12/2022,3.1,,
21/12/2022,3.1,,
22/12/2022,3.1,,
23/12/2022,3.1,,
28/12/2022,3.1,,
29/12/2022,3.1,,
30/12/2022,3.1,,
03/01/2023,3.1,,
04/01/2023,3.1,,
05/01/2023,3.1,,
06/01/2023,3.1,,
09/01/2023,3.1,,
10/01/2023,3.1,,
11/01/2023,3.1,,
12/01/2023,3.1,,
13/01/2023,3.1,,
16/01/2023,3.1,,
17/01/2023,3.1,,
18/01/2023,3.1,,
19/01/2023,3.1,,
20/01/2023,3.1,,
23/01/2023,3.1,,
24/01/2023,3.1,,
25/01/2023,3.1,,
27/01/2023,3.1,,
30/01/2023,3.1,,
31/01/2023,3.1,,
01/02/2023,3.1,,
02/02/2023,3.1,,
03/02/2023,3.1,,
06/02/2023,3.1,,
07/02/2023,3.1,,
08/02/2023,3.35,,
09/02/2023,3.35,,
10/02/2023,3.35,,
13/02/2023,3.35,,
14/02/2023,3.35,,
15/02/2023,3.35,,
16/02/2023,3.35,,
17/02/2023,3.35,,
20/02/2023,3.35,,
21/02/2023,3.35,,
22/02/2023,3.35,,
23/02/2023,3.35,,
24/02/2023,3.35,,
27/02/2023,3.35,,
28/02/2023,3.35,,
01/03/2023,3.35,,
02/03/2023,3.35,,
03/03/2023,3.35,,
06/03/2023,3.35,,
07/03/2023,3.35,,
08/03/2023,3.6,,
09/03/2023,3.6,,
10/03/2023,3.6,,
13/03/2023,3.6,,
14/03/2023,3.6,,
15/03/2023,3.6,,
16/03/2023,3.6,,
17/03/2023,3.6,,
20/03/2023,3.6,,
21/03/2023,3.6,,
22/03/2023,3.6,,
23/03/2023,3.6,,
24/03/2023,3.6,,
27/03/2023,3.6,,
28/03/2023,3.6,,
29/03/2023,3.6,,
30/03/2023,3.6,,
31/03/2023,3.6,,
03/04/2023,3.6,,
04/04/2023,3.6,,
05/04/2023,3.6,,
06/04/2023,3.6,,
11/04/2023,3.6,,
12/04/2023,3.6,,
13/04/2023,3.6,,
14/04/2023,3.6,,
17/04/2023,3.6,,
18/04/2023,3.6,,
19/04/2023,3.6,,
20/04/2023,3.6,,
21/04/2023,3.6,,
24/04/2023,3.6,,
26/04/2023,3.6,,
27/04/2023,3.6,,
28/04/2023,3.6,,
01/05/2023,3.6,,
02/05/2023,3.6,,
03/05/2023,3.85,,
04/05/2023,3.85,,
05/05/2023,3.85,,
08/05/2023,3.85,,
09/05/2023,3.85,,
10/05/2023,3.85,,
11/05/2023,3.85,,
12/05/2023,3.85,,
15/05/2023,3.85,,
16/05/2023,3.85,,
17/05/2023,3.85,,
18/05/2023,3.85,,
19/05/2023,3.85,,
22/05/2023,3.85,,
23/05/2023,3.85,,
24/05/2023,3.85,,
25/05/2023,3.85,,
26/05/2023,3.85,,
29/05/2023,3.85,,
30/05/2023,3.85,,
31/05/2023,3.85,,
01/06/2023,3.85,,
02/06/2023,3.85,,
05/06/2023,3.85,,
06/06/2023,3.85,,
07/06/2023,4.1,,
08/06/2023,4.1,,
09/06/2023,4.1,,
13/06/2023,4.1,,
14/06/2023,4.1,,
15/06/2023,4.1,,
16/06/2023,4.1,,
19/06/2023,4.1,,
20/06/2023,4.1,,
21/06/2023,4.1,,
22/06/2023,4.1,,
23/06/2023,4.1,,
26/06/2023,4.1,,
27/06/2023,4.1,,
28/06/2023,4.1,,
29/06/2023,4.1,,
30/06/2023,4.1,,
03/07/2023,4.1,,
04/07/2023,4.1,,
05/07/2023,4.1,,
06/07/2023,4.1,,
07/07/2023,4.1,,
10/07/2023,4.1,,
11/07/2023,4.1,,
12/07/2023,4.1,,
13/07/2023,4.1,,
14/07/2023,4.1,,
17/07/2023,4.1,,
18/07/2023,4.1,,
19/07/2023,4.1,,
20/07/2023,4.1,,
21/07/2023,4.1,,
24/07/2023,4.1,,
25/07/2023,4.1,,
26/07/2023,4.1,,
27/07/2023,4.1,,
28/07/2023,4.1,,
31/07/2023,4.1,,
01/08/2023,4.1,,
02/08/2023,4.1,,
03/08/2023,4.1,,
04/08/2023,4.1,,
07/08/2023,4.1,,
08/08/2023,4.1,,
09/08/2023,4.1,,
10/08/2023,4.1,,
11/08/2023,4.1,,
14/08/2023,4.1,,
15/08/2023,4.1,,
16/08/2023,4.1,,
17/08/2023,4.1,,
18/08/2023,4.1,,
21/08/2023,4.1,,
22/08/2023,4.1,,
23/08/2023,4.1,,
24/08/2023,4.1,,
25/08/2023,4.1,,
28/08/2023,4.1,,
29/08/2023,4.1,,
30/08/2023,4.1,,
31/08/2023,4.1,,
01/09/2023,4.1,,
04/09/2023,4.1,,
05/09/2023,4.1,,
06/09/2023,4.1,,
07/09/2023,4.1,,
08/09/2023,4.1,,
11/09/2023,4.1,,
12/09/2023,4.1,,
13/09/2023,4.1,,
14/09/2023,4.1,,
15/09/2023,4.1,,
18/09/2023,4.1,,
19/09/2023,4.1,,
20/09/2023,4.1,,
21/09/2023,4.1,,
22/09/2023,4.1,,
25/09/2023,4.1,,
26/09/2023,4.1,,
27/09/2023,4.1,,
28/09/2023,4.1,,
29/09/2023,4.1,,
02/10/2023,4.1,,
03/10/2023,4.1,,
04/10/2023,4.1,,
05/10/2023,4.1,,
06/10/2023,4.1,,
09/10/2023,4.1,,
10/10/2023,4.1,,
11/10/2023,4.1,,
12/10/2023,4.1,,
13/10/2023,4.1,,
16/10/2023,4.1,,
17/10/2023,4.1,,
18/10/2023,4.1,,
19/10/2023,4.1,,
20/10/2023,4.1,,
23/10/2023,4.1,,
24/10/2023,4.1,,
25/10/2023,4.1,,
26/10/2023,4.1,,
27/10/2023,4.1,,
30/10/2023,4.1,,
31/10/2023,4.1,,
01/11/2023,4.1,,
02/11/2023,4.1,,
03/11/2023,4.1,,
06/11/2023,4.1,,
07/11/2023,4.1,,
08/11/2023,4.35,,
09/11/2023,4.35,,
10/11/2023,4.35,,
13/11/2023,4.35,,
14/11/2023,4.35,,
15/11/2023,4.35,,
16/11/2023,4.35,,
17/11/2023,4.35,,
20/11/2023,4.35,,
21/11/2023,4.35,,
22/11/2023,4.35,,
23/11/2023,4.35,,
24/11/2023,4.35,,
27/11/2023,4.35,,
28/11/2023,4.35,,
29/11/2023,4.35,,
30/11/2023,4.35,,
01/12/2023,4.35,,
04/12/2023,4.35,,
05/12/2023,4.35,,
06/12/2023,4.35,,
07/12/2023,4.35,,
08/12/2023,4.35,,
11/12/2023,4.35,,
12/12/2023,4.35,,
13/12/2023,4.35,,
14/12/2023,4.35,,
15/12/2023,4.35,,
18/12/2023,4.35,,
19/12/2023,4.35,,
20/12/2023,4.35,,
21/12/2023,4.35,,
22/12/2023,4.35,,
27/12/2023,4.35,,
